a0,b1,c2,d3,e4,f5,g6,h7,i8,j9,k10,l11,m12,n13,o14,p15,p16,r17,s18,t19,u20,v21,w22,x23,y24,z25,aa26,bb27,cc28,dd29,ee30,ff31,gg32,hh33,ii34,jj35,kk36,ll37,mm38,nn39,oo40,pp41,qq42,rr43,ss44,tt45,uu46,vv47,ww48,xx49,yy50,zz51,aaa52,bbb53,ccc54,ddd55,eee66
perk,DIVISIONS_CAC_DLC2_BLITZKRIEG,Blitzkrieg,0,basic_training_blitzkrieg_band,DIVISIONS_CAC_DLC2_DESC_BLITZKRIEG,,,,,0,0,0,0,0,0,0,0,0x46000A3,,,,0,,0,0,,,,0,,,,,1,,,,,,DIVISIONS_CAC_TRAINING_CATEGORY_FIELD,,0,0,0,0,,,0,0,4873,,,,,,MTX4
perk,DIVISIONS_CAC_DLC2_CLANDESTINE,Clandestine,0,basic_training_clandestine_band,DIVISIONS_CAC_DLC2_DESC_CLANDESTINE,,,,,0,0,0,0,0,0,0,0,0x46000A2,,,,0,,0,0,,,,0,,,,,1,,,,,,DIVISIONS_CAC_TRAINING_CATEGORY_OPERATIONS,,0,0,0,0,,,0,0,4186,,,,,,MTX4
perk,DIVISIONS_CAC_MTX4_COMMANDO_PRO,(Throwback Only) Commando Pro,0,basic_training_commando_pro_band,DIVISIONS_CAC_MTX4_DESC_COMMANDO_PRO,,,,,0,0,0,0,0,0,0,0,0x46000A9,,,,0,,0,0,,,,0,,,,,1,,,,,,DIVISIONS_CAC_MTX4_TRAINING_CATEGORY_THROWBACK,,0,0,0,0,,,0,0,5049,,,,,,MTX3_5
perk,DIVISIONS_CAC_CONCUSSED,Concussed,0,basic_training_concussed_band,DIVISIONS_CAC_DESC_CONCUSSED,,,,,0,0,0,0,0,0,0,0,0x460008A,,,,0,,0,0,,,,0,,,,,1,,,,,,DIVISIONS_CAC_TRAINING_CATEGORY_PHYSICAL,DIVISIONS_CAC_FLAVOR_CONCUSSED,0,0,0,0,,,0,0,1120,,,,,,Gold
perk,DIVISIONS_CAC_MTX4_DANGER_CLOSE,(Throwback Only) Danger Close,0,basic_training_danger_close_band,DIVISIONS_CAC_MTX4_DESC_DANGER_CLOSE,,,,,0,0,0,0,0,0,0,0,0x46000A7,,,,0,,0,0,,,,0,,,,,1,,,,,,DIVISIONS_CAC_MTX4_TRAINING_CATEGORY_THROWBACK,,0,0,0,0,,,0,0,5050,,,,,,MTX3_5
perk,DIVISIONS_CAC_DUELIST,Duelist,0,basic_training_duelist_band,DIVISIONS_CAC_DESC_DUELIST,,,,,0,0,0,0,0,0,0,0,0x460005C,,,,0,,0,0,,,,0,,,,,1,,,,,,DIVISIONS_CAC_TRAINING_CATEGORY_MARKSMANSHIP,DIVISIONS_CAC_FLAVOR_DUELIST,0,0,0,0,,,0,0,1124,,,,,,Gold
perk,DIVISIONS_CAC_ENERGETIC,Energetic,0,basic_training_energetic_band,DIVISIONS_CAC_DESC_ENERGETIC,,,,,0,0,0,0,0,0,0,0,0x4600082,,,,0,,0,0,,,,0,,,,,1,,,,,,DIVISIONS_CAC_TRAINING_CATEGORY_PHYSICAL,DIVISIONS_CAC_FLAVOR_ENERGETIC,0,0,0,0,,,0,0,1127,,,,,,Gold
perk,DIVISIONS_CAC_DLC3_ESCALATION,Escalation,0,basic_training_escalation_band,DIVISIONS_CAC_DLC3_DESC_ESCALATION,,,,,0,0,0,0,0,0,0,0,0x46000A4,,,,0,,0,0,,,,0,,,,,1,,,,,,DIVISIONS_CAC_TRAINING_CATEGORY_MARKSMANSHIP,,0,0,0,0,,,0,0,4874,,,,,,DLC3
perk,DIVISIONS_CAC_ESPIONAGE,Espionage,0,basic_training_espionage_band,DIVISIONS_CAC_DESC_ESPIONAGE,,,,,0,0,0,0,0,0,0,0,0x4600071,,,,0,,0,0,,,,0,,,,,1,,,,,,DIVISIONS_CAC_TRAINING_CATEGORY_OPERATIONS,DIVISIONS_CAC_FLAVOR_ESPIONAGE,0,0,0,0,,,0,0,1128,,,,,,Gold
perk,DIVISIONS_CAC_FLANKER,Flanker,0,basic_training_flanker_band,DIVISIONS_CAC_DESC_FLANKER,,,,,0,0,0,0,0,0,0,0,0x4600070,,,,0,,0,0,,,,0,,,,,1,,,,,,DIVISIONS_CAC_TRAINING_CATEGORY_OPERATIONS,DIVISIONS_CAC_FLAVOR_FLANKER,0,0,0,0,,,0,0,1139,,,,,,Gold
perk,DIVISIONS_CAC_FORAGE,Forage,0,basic_training_forage_band,DIVISIONS_CAC_DESC_FORAGE,,,,,0,0,0,0,0,0,0,0,0x460005D,,,,0,,0,0,,,,0,,,,,1,,,,,,DIVISIONS_CAC_TRAINING_CATEGORY_FIELD,DIVISIONS_CAC_FLAVOR_FORAGE,0,0,0,0,,,0,0,1140,,,,,,Gold
perk,DIVISIONS_CAC_GUNSLINGER,Gunslinger,0,basic_training_gunslinger_band,DIVISIONS_CAC_DESC_GUNSLINGER,,,,,0,0,0,0,0,0,0,0,0x4600060,,,,0,,0,0,,,,0,,,,,1,,,,,,DIVISIONS_CAC_TRAINING_CATEGORY_PHYSICAL,DIVISIONS_CAC_FLAVOR_GUNSLINGER,0,0,0,0,,,0,0,1147,,,,,,Gold
perk,DIVISIONS_CAC_HUNKER,Hunker,0,basic_training_hunker_band,DIVISIONS_CAC_DESC_HUNKER,,,,,0,0,0,0,0,0,0,0,0x460005A,,,,0,,0,0,,,,0,,,,,1,,,,,,DIVISIONS_CAC_TRAINING_CATEGORY_EXPLOSIVES,DIVISIONS_CAC_FLAVOR_HUNKER,0,0,0,0,,,0,0,1150,,,,,,Gold
perk,DIVISIONS_CAC_HUSTLE,Hustle,0,basic_training_hustle_band,DIVISIONS_CAC_DESC_HUSTLE,,,,,0,0,0,0,0,0,0,0,0x460005E,,,,0,,0,0,,,,0,,,,,1,,,,,,DIVISIONS_CAC_TRAINING_CATEGORY_PHYSICAL,DIVISIONS_CAC_FLAVOR_HUSTLE,0,0,0,0,,,0,0,1151,,,,,,Gold
perk,DIVISIONS_CAC_INCONSPICUOUS,Inconspicuous,0,basic_training_inconspicuous_band,DIVISIONS_CAC_DESC_INCONSPICUOUS,,,,,0,0,0,0,0,0,0,0,0x4600087,,,,0,,0,0,,,,0,,,,,1,,,,,,DIVISIONS_CAC_TRAINING_CATEGORY_PHYSICAL,DIVISIONS_CAC_FLAVOR_INCONSPICUOUS,0,0,0,0,,,0,0,1153,,,,,,Gold
perk,DIVISIONS_CAC_INFANTRY_GRANDMASTER,4 Attachments,0,division_training_infantry_level3,DIVISIONS_CAC_DESC_INFANTRY_GRANDMASTER,,,,,0,0,0,0,0,0,0,0,0x4600077,,,,0,,0,0,,,,0,,,,,1,,,,,,DIVISIONS_CAC_TRAINING_CATEGORY_DIVISION,DIVISIONS_CAC_FLAVOR_INFANTRY_GRANDMASTER,0,0,0,0,,,0,0,1156,,,,,,Gold
perk,DIVISIONS_CAC_INSTINCTS,Instincts,0,basic_training_instincts_band,DIVISIONS_CAC_DESC_INSTINCTS,,,,,0,0,0,0,0,0,0,0,0x460006E,,,,0,,0,0,,,,0,,,,,1,,,,,,DIVISIONS_CAC_TRAINING_CATEGORY_OPERATIONS,DIVISIONS_CAC_FLAVOR_INSTINCTS,0,0,0,0,,,0,0,1158,,,,,,Gold
perk,DIVISIONS_CAC_MTX4_JUGGERNAUT,(Throwback Only) Juggernaut,0,basic_training_juggernaut_band,DIVISIONS_CAC_MTX4_DESC_JUGGERNAUT,,,,,0,0,0,0,0,0,0,0,0x46000A6,,,,0,,0,0,,,,0,,,,,1,,,,,,DIVISIONS_CAC_MTX4_TRAINING_CATEGORY_THROWBACK,,0,0,0,0,,,0,0,5051,,,,,,MTX3_5
perk,DIVISIONS_CAC_LAUNCHED,Launched,0,basic_training_launched_band,DIVISIONS_CAC_DESC_LAUNCHED,,,,,0,0,0,0,0,0,0,0,0x460006A,,,,0,,0,0,,,,0,,,,,1,,,,,,DIVISIONS_CAC_TRAINING_CATEGORY_EXPLOSIVES,DIVISIONS_CAC_FLAVOR_LAUNCHED,0,0,0,0,,,0,0,1161,,,,,,Gold
perk,DIVISIONS_CAC_LOOKOUT,Lookout,0,basic_training_lookout_band,DIVISIONS_CAC_DESC_LOOKOUT,,,,,0,0,0,0,0,0,0,0,0x460008B,,,,0,,0,0,,,,0,,,,,1,,,,,,DIVISIONS_CAC_TRAINING_CATEGORY_PHYSICAL,DIVISIONS_CAC_FLAVOR_LOOKOUT,0,0,0,0,,,0,0,1164,,,,,,Gold
perk,DIVISIONS_CAC_MTX4_MARTYRDOM,(Throwback Only) Martyrdom,0,basic_training_martyrdom_band,DIVISIONS_CAC_MTX4_DESC_MARTYRDOM,,,,,0,0,0,0,0,0,0,0,0x46000AB,,,,0,,0,0,,,,0,,,,,1,,,,,,DIVISIONS_CAC_MTX4_TRAINING_CATEGORY_THROWBACK,,0,0,0,0,,,0,0,5053,,,,,,MTX3_5
perk,DIVISIONS_CAC_MTX4_ONE_MAN_ARMY,(Throwback Only) Double Tap,0,basic_training_one_man_army_band,DIVISIONS_CAC_MTX4_DESC_ONE_MAN_ARMY,,,,,0,0,0,0,0,0,0,0,0x46000A8,,,,0,,0,0,,,,0,,,,,1,,,,,,DIVISIONS_CAC_MTX4_TRAINING_CATEGORY_THROWBACK,,0,0,0,0,,,0,0,5054,,,,,,MTX3_5
perk,DIVISIONS_CAC_ORDNANCE,Ordnance,0,basic_training_ordnance_band,DIVISIONS_CAC_DESC_ORDNANCE,,,,,0,0,0,0,0,0,0,0,0x460005B,,,,0,,0,0,,,,0,,,,,1,,,,,,DIVISIONS_CAC_TRAINING_CATEGORY_FIELD,DIVISIONS_CAC_FLAVOR_ORDNANCE,0,0,0,0,,,0,0,1176,,,,,,Gold
perk,DIVISIONS_CAC_REQUISITIONS,Requisitions,0,basic_training_requisitions_band,DIVISIONS_CAC_DESC_REQUISITIONS,,,,,0,0,0,0,0,0,0,0,0x4600067,,,,0,,0,0,,,,0,,,,,1,,,,,,DIVISIONS_CAC_TRAINING_CATEGORY_FIELD,DIVISIONS_CAC_FLAVOR_REQUISITIONS,0,0,0,0,,,0,0,1182,,,,,,Gold
perk,DIVISIONS_DLC1_RESISTANCE,Resistance Scrambler,0,division_patch_resistance,DIVISIONS_DLC1_RESISTANCE_LEVEL4_UNLOCK,,,,,0,0,0,0,0,0,0,0,0x46000AC,,,,0,,0,0,,,,0,,,,,1,,,,,,DIVISIONS_CAC_TRAINING_CATEGORY_DIVISION,,0,0,0,0,,,0,0,5492,,,,,,MTX4
perk,DIVISIONS_CAC_RIFLEMAN,Rifleman,0,basic_training_rifleman_band,DIVISIONS_CAC_DESC_RIFLEMAN,,,,,0,0,0,0,0,0,0,0,0x4600063,,,,0,,0,0,,,,0,,,,,1,,,,,,DIVISIONS_CAC_TRAINING_CATEGORY_MARKSMANSHIP,DIVISIONS_CAC_FLAVOR_RIFLEMAN,0,0,0,0,,,0,0,1187,,,,,,Gold
perk,DIVISIONS_CAC_DLC1_SABOTEUR,Saboteur,0,basic_training_saboteur_band,DIVISIONS_CAC_DLC1_DESC_SABOTEUR,,,,,0,0,0,0,0,0,0,0,0x4600069,,,,0,,0,0,,,,0,,,,,1,,,,,,DIVISIONS_CAC_TRAINING_CATEGORY_EXPLOSIVES,,0,0,0,0,,,0,0,1188,,,,,,MTX2
perk,DIVISIONS_CAC_SCOPED,Scoped,0,basic_training_scoped_band,DIVISIONS_CAC_DESC_SCOPED,,,,,0,0,0,0,0,0,0,0,0x4600058,,,,0,,0,0,,,,0,,,,,1,,,,,,DIVISIONS_CAC_TRAINING_CATEGORY_MARKSMANSHIP,DIVISIONS_CAC_FLAVOR_SCOPED,0,0,0,0,,,0,0,1190,,,,,,Gold
perk,DIVISIONS_CAC_SERRATED,Serrated,0,basic_training_serrated_band,DIVISIONS_CAC_DESC_SERRATED,,,,,0,0,0,0,0,0,0,0,0x4600088,,,,0,,0,0,,,,0,,,,,1,,,,,,DIVISIONS_CAC_TRAINING_CATEGORY_PHYSICAL,DIVISIONS_CAC_FLAVOR_SERRATED,0,0,0,0,,,0,0,1192,,,,,,Gold
perk,DIVISIONS_CAC_DLC1_SHIFTY,Shifty,0,basic_training_shifty_band,DIVISIONS_CAC_DLC1_DESC_SHIFTY,,,,,0,0,0,0,0,0,0,0,0x46000A1,,,,0,,0,0,,,,0,,,,,1,,,,,,DIVISIONS_CAC_TRAINING_CATEGORY_MARKSMANSHIP,,0,0,0,0,,,0,0,4199,,,,,,MTX2
perk,DIVISIONS_CAC_DLC3_SPECIALIST,Specialist,0,basic_training_specialist_band,DIVISIONS_CAC_DLC3_DESC_SPECIALIST,,,,,0,0,0,0,0,0,0,0,0x46000B1,,,,0,,0,0,,,,0,,,,,1,,,,,,DIVISIONS_CAC_TRAINING_CATEGORY_FIELD,,0,0,0,0,,,0,0,8022,,,,,,DLC3
perk,DIVISIONS_CAC_MTX4_STOPPING_POWER,(Throwback Only) Stopping Power,0,basic_training_stopping_power_band,DIVISIONS_CAC_MTX4_DESC_STOPPING_POWER,,,,,0,0,0,0,0,0,0,0,0x46000A5,,,,0,,0,0,,,,0,,,,,1,,,,,,DIVISIONS_CAC_MTX4_TRAINING_CATEGORY_THROWBACK,,0,0,0,0,,,0,0,5055,,,,,,MTX3_5
perk,DIVISIONS_CAC_UNDERCOVER,Undercover,0,basic_training_undercover_band,DIVISIONS_CAC_DESC_UNDERCOVER,,,,,0,0,0,0,0,0,0,0,0x4600059,,,,0,,0,0,,,,0,,,,,1,,,,,,DIVISIONS_CAC_TRAINING_CATEGORY_OPERATIONS,DIVISIONS_CAC_FLAVOR_UNDERCOVER,0,0,0,0,,,0,0,1204,,,,,,Gold
perk,DIVISIONS_CAC_DLC3_WANDERLUST,Wanderlust,0,basic_training_wanderlust_band,DIVISIONS_CAC_DLC3_DESC_WANDERLUST,,,,,0,0,0,0,0,0,0,0,0x46000B3,,,,0,,0,0,,,,0,,,,,1,,,,,,DIVISIONS_CAC_TRAINING_CATEGORY_FIELD,,0,0,0,0,,,0,0,8240,,,,,,DLC3
weapon_attachment,WEAPON_APERTURE_SIGHT,Reflex Sight,0,weapon_attachment_sight_aperture,WEAPON_APERTURE_SIGHT_DESC,,,,,2,0,1,0,0,0,0,0,0x30003C0,,X,,0,,0,0,,,,0,,,,1,1,,,,,,,,0,0,0,0,,,0,0,1846,,,,,,Gold
weapon_attachment,WEAPON_EXTENDED_MAG,Extended Mag,0,weapon_attachment_mag_extended,WEAPON_EXTENDED_MAG_DESC,,,,,0,0,0,0,0,0,0,0,0x30000F0,,X,,0,,0,0,run_and_gun|cqb|camper,hardened|veteran,,0,,,,1,1,,,,,,,,0,0,0,0,,,0,0,1885,,,,,,Gold
weapon_attachment,WEAPON_EXTENDED_RANGE,Advanced Rifling,0,weapon_attachment_barrel_long,WEAPON_EXTENDED_RANGE_DESC,,,,,0,0,3,0,0,0,0,0,0x30002E0,,X,,0,,0,0,run_and_gun|cqb|camper,veteran,,0,,,,1,1,,,,,,,,0,0,0,0,,,0,0,1920,,,,,,Gold
weapon_attachment,WEAPON_FAST_ADS,Quickdraw,0,weapon_attachment_barrel_short,WEAPON_FAST_ADS_DESC,,,,,0,0,0,0,0,3,0,0,0x30002F0,,X,,0,,0,0,run_and_gun|cqb|camper,recruit|regular|hardened|veteran,,0,,,,1,1,,,,,,,,0,0,0,0,,,0,0,1924,,,,,,Gold
weapon_attachment,WEAPON_FMJ,Full Metal Jacket,0,weapon_attachment_full_metal_jacket,WEAPON_FMJ_DESC,,,,,0,3,0,0,0,0,0,0,0x3000320,,X,,0,,0,0,run_and_gun|cqb|camper,recruit|regular|hardened|veteran,,0,,,,1,1,,,,,,,,0,0,0,0,,,0,0,1927,,,,,,Gold
weapon_attachment,WEAPON_GRIP,Grip,0,weapon_attachment_rec_smooth,WEAPON_GRIP_DESC,,,,,3,0,0,0,0,0,0,0,0x3000350,,X,,0,,0,0,run_and_gun|cqb|camper,recruit|regular|hardened|veteran,,0,,,,1,1,,,,,,,,0,0,0,0,,,0,0,1930,,,,,,Gold
weapon_attachment,WEAPON_HEAD_DAMAGE,High Caliber,0,weapon_attachment_high_caliber,WEAPON_HEAD_DAMAGE_DESC,,,,,0,3,0,0,0,0,0,0,0x3000360,,X,,0,,0,0,run_and_gun|cqb|camper,regular|hardened|veteran,,0,,,,1,1,,,,,,,,0,0,0,0,,,0,0,1931,,,,,,Gold
weapon_attachment,WEAPON_HIPFIRE,Steady Aim,0,weapon_attachment_steady_aim,WEAPON_HIPFIRE_DESC,,,,,3,0,0,0,0,0,0,0,0x3000370,,X,,0,,0,0,run_and_gun|cqb|camper,regular|hardened|veteran,,0,,,,1,1,,,,,,,,0,0,0,0,,,0,0,1932,,,,,,Gold
weapon_attachment,WEAPON_IRON_SIGHT,Iron Sight,0,weapon_attachment_sights_iron_sniper,WEAPON_IRON_SIGHT_DESC,,,,,1,0,1,0,0,1,0,0,0x30009B0,,X,,0,,0,0,run_and_gun|cqb|camper,veteran,,0,,,,1,1,,,,,,,,0,0,0,0,,,0,0,1935,,,,,,Gold
weapon_attachment,WEAPON_LENS_SIGHT,Lens Sight,0,weapon_attachment_sight_lens,WEAPON_LENS_SIGHT_DESC,,,,,1,0,0,0,0,0,0,0,0x3000960,,X,,0,,0,0,run_and_gun|cqb|camper,recruit|regular|hardened|veteran,,0,,,,1,1,,,,,,,,0,0,0,0,,,0,0,1936,,,,,,Gold
weapon_attachment,WEAPON_RAPID_FIRE,Rapid Fire,0,weapon_attachment_rec_fast,WEAPON_RAPID_FIRE_DESC,,,,,0,0,0,3,0,0,0,0,0x3000390,,X,,0,,0,0,run_and_gun|cqb|camper,veteran,,0,,,,1,1,,,,,,,,0,0,0,0,,,0,0,1939,,,,,,Gold
weapon_attachment,WEAPON_REDUCED_SWAY,Ballistic Calibration,0,weapon_attachment_ballistic_calibration,WEAPON_REDUCED_SWAY_DESC,,,,,3,0,0,0,0,0,0,0,0x30003A0,,X,,0,,0,0,run_and_gun|cqb|camper,regular|hardened|veteran,,0,,,,1,1,,,,,,,,0,0,0,0,,,0,0,1944,,,,,,Gold
weapon_attachment,DIVISIONS_DLC3_SHIELD_CHARGE,Cavalry Shield Charge,0,riotshield,,,,,,0,0,0,0,0,0,0,0,0x3001C40,,X,,0,,1,0,,,,0,,,,,1,,1,,,,,,0,0,0,0,,,0,0,9799,,,,,,DLC3
weapon_attachment,WEAPON_SUPPRESSOR,SMG Suppressor,0,weapon_attachment_suppressor_pistol,WEAPON_SUPPRESSOR_DESC,,,,,0,-3,0,0,0,0,0,0,0x30003B0,,X,,0,,1,0,,,,0,,,,1,1,,,,,,,,0,0,0,0,,,0,0,6228,,,,,,MTX4
weapon_attachment,WEAPON_OVERHAUL_TACTICAL_KNIFE,Tactical Knife,0,weapon_attachment_tactical_knife,WEAPON_OVERHAUL_TACTICAL_KNIFE_DESC,,,,,0,0,0,0,0,0,0,0,0x3001970,,X,,0,,1,0,,,,0,,,,,1,,1,,,,,,0,0,0,0,,,0,0,4341,,,,,,MTX2
weapon_attachment,WEAPON_TELESCOPIC_SIGHT,4x Optic,0,weapon_attachment_sight_telescopic,WEAPON_TELESCOPIC_SIGHT_DESC,,,,,1,0,1,0,0,1,0,0,0x30003D0,,X,,0,,0,0,,,,0,,,,1,1,,,,,,,,0,0,0,0,,,0,0,1949,,,,,,Gold
weapon_grenade,WEAPON_BOUNCINGBETTY,S-Mine 44,1,bouncing_betty,WEAPON_BOUNCINGBETTY_DESC,,,,,0,0,0,0,0,0,0,0,0x1034000,,,,0,,0,0,,,,3,,,,,0,,,,,,WEAPON_TWS_MINE,WEAPON_BOUNCINGBETTY_FLAVOR,0,0,0,0,,,0,0,2456,,,,,,Gold
weapon_grenade,PERKS_C4,Satchel Charge,1,satchel_charge,PERKS_C4_DESC,,,,,0,0,0,0,0,0,0,0,0x103A000,,,,0,,0,0,,,,3,,,,,0,,,,,,WEAPON_TWS_REMOTE_GRENADE,WEAPON_SATCHEL_CHARGE_FLAVOR,0,0,0,0,,,0,0,2457,,,,,,Gold
weapon_grenade,WEAPON_FRAGGRENADE,MK 2 Fragmentation,1,frag_grenade,PERKS_DESC_FRAG_X1,,,,,0,0,0,0,0,0,0,0,0x1007000,,,,0,,0,0,,,,3,,,,,0,,,,,,WEAPON_TWS_FRAG,WEAPON_FRAGGRENADE_FLAVOR,0,0,0,0,,,0,0,2459,,,,,,Gold
weapon_grenade,DIVISIONS_DLC3_INSERTION_FLARE,Paratrooper Insert,1,tactical_insertion,WEAPON_MTX5_TAC_INSERT_DESC,,,,,0,0,0,0,0,0,0,0,0x1093000,,,,0,,0,0,,,,3,,,,,0,,,,,,,WEAPON_TEMP_FLAVOR,0,0,0,0,,,0,0,8246,,,,,,MTX6
weapon_grenade,PERKS_SEMTEX,N° 74 ST,1,sticky_grenade,PERKS_DESC_SEMTEX,,,,,0,0,0,0,0,0,0,0,0x1050000,,,,0,,0,0,,,,3,,,,,0,,,,,,WEAPON_TWS_STICKY_BOMB,WEAPON_STICKY_GRENADE_FLAVOR,0,0,0,0,,,0,0,2460,,,,,,Gold
weapon_grenade,WEAPON_SIGNAL_FLARE,Signal Flare,1,signal_flare,WEAPON_SIGNAL_FLARE_DESC,,,,,0,0,0,0,0,0,0,0,0x1057000,,,,0,,0,0,,,,3,,,,,0,,,,,,WEAPON_TWS_AOE_TACTICAL,WEAPON_OVERHAUL_SIGNAL_FLARE_FLAVOR,0,0,0,0,,,0,0,2461,,,,,,Gold
weapon_grenade,WEAPON_SMOKE_GRENADE,Smoke Grenade,1,smoke_grenade,PERKS_DESC_SMOKE_GRENADE,,,,,0,0,0,0,0,0,0,0,0x1008000,,,,0,,0,0,,,,3,,,,,0,,,,,,WEAPON_TWS_AOE_TACTICAL,WEAPON_OVERHAUL_SMOKE_GRENADE_FLAVOR,0,0,0,0,,,0,0,2463,,,,,,Gold
weapon_grenade,WEAPON_STUN_GRENADE,British N° 69,2,stun_grenade,PERKS_DESC_STUN_GRENADE,,,,,0,0,0,0,0,0,0,0,0x1002000,,,,0,,0,0,,,,3,,,,,0,,,,,,WEAPON_TWS_FLASHBANG,WEAPON_OVERHAUL_STUN_GRENADE_FLAVOR,0,0,0,0,,,0,0,2464,,,,,,Gold
weapon_grenade,WEAPON_TABUN,MK. V Gas Grenade,1,tabun_gas_grenade,WEAPON_TABUN_DESC,,,,,0,0,0,0,0,0,0,0,0x103D000,,,,0,,0,0,,,,3,,,,,0,,,,,,WEAPON_TWS_AOE_TACTICAL,WEAPON_TABUN_FLAVOR,0,0,0,0,,,0,0,2465,,,,,,Gold
weapon_grenade,WEAPON_THROWING_KNIFE,Throwing Knife,1,throwing_knife,PERKS_DESC_KNIFETHROW,,,,,0,0,0,0,0,0,0,0,0x100A000,,,,0,,0,0,,,,3,,,,,0,,,,,,WEAPON_TWS_THROWING_KNIVES,WEAPON_THROWING_KNIFE_FLAVOR,0,0,0,0,,,0,0,2467,,,,,,Gold
weapon_heavy,WEAPON_BREN,Bren,0,bren,WEAPON_BREN_DESC,,weapon_stow_mid_up,,,6,8,8,3,7,3,60,30,0x1026000,,,,0,,0,0,run_and_gun|cqb|camper,recruit|regular|hardened|veteran,bren_mp,3,,,,,0,,,,,,,WEAPON_BREN_FLAVOR,0,0,100,200,,,4,0,2485,,,,,vm_charm_chain_metal,Gold
weapon_heavy,WEAPON_LEWIS,Lewis,0,lewis,WEAPON_LEWIS_DESC,,weapon_stow_mid_up,,,7,6,7,5,7,3,94,47,0x1015000,,,,0,,0,0,run_and_gun|cqb|camper,recruit|regular|hardened|veteran,lewis_mp,3,,,,,0,,,,,,,WEAPON_LEWIS_FLAVOR,0,0,97,194,,,4,0,2494,,,,,vm_charm_chain_metal,Gold
weapon_heavy,WEAPON_MG15,MG 15,0,mg15,WEAPON_MG15_DESC,,weapon_stow_mid_up,,,6,5,7,7,8,7,100,50,0x1028000,,,,0,,0,0,run_and_gun|cqb|camper,recruit|regular|hardened|veteran,mg15_mp,3,,,,,0,,,,,,,WEAPON_MG15_FLAVOR,0,0,75,150,,,4,0,2512,,,,,vm_charm_chain_metal,Gold
weapon_heavy,WEAPON_MG42,MG 42,0,mg42,WEAPON_MG42_DESC,,weapon_stow_mid_up,,,5,6,5,9,7,3,100,50,0x101C000,,,,0,,0,0,run_and_gun|cqb|camper,recruit|regular|hardened|veteran,mg42_mp,3,,,,,0,,,,,,,WEAPON_MG42_FLAVOR,0,0,100,200,,,4,0,2521,,,,,vm_charm_chain_metal,Gold
weapon_other,DIVISIONS_DLC3_SHIELD,Cavalry Shield,0,riotshield,DIVISIONS_DLC3_RIOT_SHIELD_WEAPON_DESC,,weapon_stow_mid_up,,,0,0,0,0,0,0,0,0,0x1091000,,,,0,,0,0,,,,3,,,,,0,,,,,,,,0,0,0,0,,,0,0,8074,,,,,,DLC3
weapon_other,WEAPON_SHOVELMP,US Shovel,0,shovel,WEAPON_SHOVELMP_DESC,,weapon_stow_mid_up,,,0,0,0,0,0,0,0,0,0x1052000,,,,0,,0,0,,,shovel_mp,3,,,1,,0,,,,,,,WEAPON_SHOVEL_FLAVOR,0,0,0,0,,,0,0,2564,,,,,,Gold
weapon_pistol,WEAPON_LUGER,P-08,0,luger,WEAPON_LUGER_DESC,,weapon_stow_mid_up,,,8,6,5,6,12,11,24,8,0x102C000,,,,0,,0,0,run_and_gun|cqb|camper,recruit|regular|hardened|veteran,luger_mp,3,,,,,0,,,,,,,WEAPON_LUGER_FLAVOR,0,0,12,36,,,0,0,2582,,,,,,Gold
weapon_pistol,WEAPON_M1911,1911,0,m1911,WEAPON_M1911_DESC,,weapon_stow_mid_up,,,6,8,6,5,12,11,21,7,0x1014000,,,,0,,0,0,run_and_gun|cqb|camper,recruit|regular|hardened|veteran,m1911_mp,3,,,,,0,,,,,,,WEAPON_M1911_FLAVOR,0,0,10,30,,,0,0,2591,,,,,,Gold
weapon_pistol,WEAPON_M712,Machine Pistol,0,m712,WEAPON_M712_DESC,,,,,6,6,4,9,5,5,30,10,0x105B000,,,,0,,0,0,run_and_gun|cqb|camper,hardened|veteran,m712_mp,3,,,,,0,,,,,,,WEAPON_M712_FLAVOR,0,0,15,45,,,0,0,2600,,,,,,Gold
weapon_projectile,WEAPON_M1BAZOOKA,M1 Bazooka,2,bazooka,WEAPON_M1BAZOOKA_DESC,,weapon_rpg7_stow,,,8,8,8,1,7,7,1,1,0x1037000,,,,0,,0,0,,,bazooka_mp,3,,,,,0,,,,,,,WEAPON_BAZOOKA_FLAVOR,0,0,0,0,,,0,0,2627,,,,,,Gold
weapon_projectile,WEAPON_PANZERSCHRECK,Panzerschreck,2,panzerschreck,WEAPON_PANZERSCHRECK_DESC,,weapon_rpg7_stow,,,7,10,7,1,7,7,1,1,0x1039000,,,,0,,0,0,,,panzerschreck_mp,3,,,,,0,,,,,,,WEAPON_PANZERSCHRECK_FLAVOR,0,0,0,0,,,0,0,2636,,,,,,Gold
weapon_projectile,WEAPON_MTX5_TESLAMTX,Tesla Gun,0,teslagun,WEAPON_MTX5_TESLAMTX,,,,,0,0,0,0,0,0,0,0,0x1090000,,,,0,,0,0,,,teslagunmtx_mp,3,,,,,0,,,,,,,,0,0,0,0,,,0,0,7709,,,,,,MTX5
weapon_smg,WEAPON_GREASEGUN,Grease Gun,0,greasegun,WEAPON_GREASEGUN_DESC,,weapon_stow_mid_up,,,8,6,6,5,12,14,90,30,0x1018000,,,,0,,0,0,run_and_gun|cqb|camper,recruit|regular|hardened|veteran,greasegun_mp,3,,,,,0,,,,,,,WEAPON_GREASEGUN_FLAVOR,0,0,45,135,,,3,0,3391,,,,,vm_charm_chain_metal,Gold
weapon_smg,WEAPON_MP28,Waffe 28,0,mp28_mp,WEAPON_MP28_DESC,,weapon_stow_mid_up,,,6,5,4,10,13,12,96,32,0x1029000,,,,0,,0,0,run_and_gun|cqb|camper,recruit|regular|hardened|veteran,mp28_mp,3,,,,,0,,,,,,,WEAPON_MP28_FLAVOR,0,0,48,144,,,3,0,3400,,,,,vm_charm_chain_wood,Gold
weapon_smg,WEAPON_MP40,MP-40,0,mp40,WEAPON_MP40_DESC,,weapon_stow_mid_up,,,5,6,6,8,12,14,96,32,0x1013000,,,,0,,0,0,run_and_gun|cqb|camper,recruit|regular|hardened|veteran,mp40_mp,3,,,,,0,,,,,,,WEAPON_MP40_FLAVOR,0,0,48,144,,,3,0,3409,,,,,vm_charm_chain_metal,Gold
weapon_smg,WEAPON_PPSH41,PPSh-41,0,ppsh41,WEAPON_PPSH41_DESC,,weapon_stow_mid_up,,,6,6,5,8,12,14,105,35,0x102A000,,,,0,,0,0,run_and_gun|cqb|camper,recruit|regular|hardened|veteran,ppsh41_mp,3,,,,,0,,,,,,,WEAPON_PPSH41_FLAVOR,0,0,52,156,,,3,0,3418,,,,,vm_charm_chain_metal,Gold
weapon_smg,WEAPON_THOMPSON,M1928,0,thompson,WEAPON_THOMPSON_DESC,,weapon_stow_mid_up,,,6,5,5,9,12,14,90,30,0x1012000,,,,0,,0,0,run_and_gun|cqb|camper,recruit|regular|hardened|veteran,thompson_mp,3,,,,,0,,,,,,,WEAPON_THOMPSON_FLAVOR,0,0,45,135,,,3,0,3436,,,,,vm_charm_chain_metal,Gold
weapon_smg,WEAPON_TYPE100,Type 100,0,type100,WEAPON_TYPE100_DESC,,weapon_stow_mid_up,,,7,5,7,6,12,12,90,30,0x102B000,,,,0,,0,0,run_and_gun|cqb|camper,recruit|regular|hardened|veteran,type100_mp,3,,,,,0,,,,,,,WEAPON_TYPE100_FLAVOR,0,0,45,135,,,3,0,3445,,,,,vm_charm_chain_wood,Gold
weapon_sniper,WEAPON_KAR98,Kar98k,0,k98k,WEAPON_KAR98_DESC,,weapon_stow_mid_up,,,6,9,9,1,8,3,25,5,0x1016000,,,,0,,0,0,run_and_gun|cqb|camper,recruit|regular|hardened|veteran,kar98_mp,3,,,,,0,,,,,,,WEAPON_KAR98_FLAVOR,0,0,7,38,,,2,0,3463,,,,,vm_charm_chain_metal,Gold
weapon_sniper,WEAPON_KARABIN,Karabin,0,karabin,WEAPON_KARABIN_DESC,,weapon_stow_mid_up,,,6,6,8,5,9,4,50,10,0x1036000,,,,0,,0,0,run_and_gun|cqb|camper,recruit|regular|hardened|veteran,karabin_mp,3,,,,,0,,,,,,,WEAPON_KARABIN_FLAVOR,0,0,15,75,,,2,0,3472,,,,,vm_charm_chain_metal,Gold
weapon_sniper,WEAPON_LEEENFIELD,Lee Enfield,0,leeenfield,WEAPON_LEEENFIELD_DESC,,weapon_stow_mid_up,,,7,8,8,2,9,4,50,10,0x1025000,,,,0,,0,0,run_and_gun|cqb|camper,recruit|regular|hardened|veteran,leeenfield_mp,3,,,,,0,,,,,,,WEAPON_LEEENFIELD_FLAVOR,0,0,15,75,,,2,0,3481,,,,,vm_charm_chain_wood,Gold
weapon_sniper,WEAPON_SPRINGFIELD,M1903,0,springfield,WEAPON_SPRINGFIELD_DESC,,weapon_stow_mid_up,,,4,10,10,1,8,3,25,5,0x101B000,,,,0,,0,0,run_and_gun|cqb|camper,recruit|regular|hardened|veteran,springfield_mp,3,,,,,0,,,,,,,WEAPON_SPRINGFIELD_FLAVOR,0,0,7,38,,,2,0,3490,,,,,vm_charm_chain_wood,Gold
